sample_name,config_id,mode,entity,thickness,transmission,file_path
Cd,config_9,transmission,dark,,,sans-llb2026n000974.hdf
EB,config_9,transmission,empty_beam,,,sans-llb2026n000975.hdf
AgBe,config_9,transmission,sample,1,0.744027,sans-llb2026n000976.hdf
EC,config_9,transmission,empty_cell,,0.868319,sans-llb2026n000977.hdf
H2O,config_9,transmission,water,1,,sans-llb2026n000978.hdf
ludox_AM20,config_9,transmission,sample,1,0.53595,sans-llb2026n000979.hdf
ludox_SM30,config_9,transmission,sample,1,0.555082,sans-llb2026n000980.hdf
ludox_TM50,config_9,transmission,sample,1,0.570916,sans-llb2026n000981.hdf
Cd,config_9,scattering,dark,,,sans-llb2026n000982.hdf
EB,config_9,scattering,empty_beam,,,sans-llb2026n000983.hdf
AgBe,config_9,scattering,sample,1,0.744027,sans-llb2026n000984.hdf
EC,config_9,scattering,empty_cell,,0.868319,sans-llb2026n000985.hdf
H2O,config_9,scattering,water,1,,sans-llb2026n000986.hdf
ludox_AM20,config_9,scattering,sample,1,0.53595,sans-llb2026n000987.hdf
ludox_SM30,config_9,scattering,sample,1,0.555082,sans-llb2026n000988.hdf
ludox_TM50,config_9,scattering,sample,1,0.570916,sans-llb2026n000989.hdf
Cd,config_10,transmission,dark,,,sans-llb2026n000990.hdf
EB,config_10,transmission,empty_beam,,,sans-llb2026n000991.hdf
AgBe,config_10,transmission,sample,1,0.752104,sans-llb2026n000992.hdf
EC,config_10,transmission,empty_cell,,0.758377,sans-llb2026n000993.hdf
H2O,config_10,transmission,water,1,,sans-llb2026n000994.hdf
ludox_AM20,config_10,transmission,sample,1,0.548706,sans-llb2026n000995.hdf
ludox_SM30,config_10,transmission,sample,1,0.551574,sans-llb2026n000996.hdf
ludox_TM50,config_10,transmission,sample,1,0.574518,sans-llb2026n000997.hdf
Cd,config_10,scattering,dark,,,sans-llb2026n000998.hdf
EB,config_10,scattering,empty_beam,,,sans-llb2026n000999.hdf
AgBe,config_10,scattering,sample,1,0.752104,sans-llb2026n001000.hdf
EC,config_10,scattering,empty_cell,,0.758377,sans-llb2026n001001.hdf
H2O,config_10,scattering,water,1,,sans-llb2026n001002.hdf
ludox_AM20,config_10,scattering,sample,1,0.548706,sans-llb2026n001003.hdf
ludox_SM30,config_10,scattering,sample,1,0.551574,sans-llb2026n001004.hdf
ludox_TM50,config_10,scattering,sample,1,0.574518,sans-llb2026n001005.hdf
